{
  "k": 10,
  "n_eval_users": 943,
  "precision_at_k": 0.158006,
  "recall_at_k": 0.11411,
  "map_at_k": 0.086946,
  "ndcg_at_k": 0.181293,
  "coverage": 0.363128,
  "diversity": 0.752044,
  "k_sweep": {
    "k=5": {
      "precision": 0.169247,
      "recall": 0.060955,
      "map": 0.107438,
      "ndcg": 0.178286
    },
    "k=10": {
      "precision": 0.158006,
      "recall": 0.11411,
      "map": 0.086946,
      "ndcg": 0.181293
    },
    "k=20": {
      "precision": 0.134571,
      "recall": 0.186786,
      "map": 0.080795,
      "ndcg": 0.195225
    }
  },
  "cold_start": {
    "slice_definition": "eval users with train history <= 26 (least-active quartile)",
    "n_cold_users": 246,
    "precision_at_k": 0.099593,
    "recall_at_k": 0.182869,
    "ndcg_at_k": 0.151517
  }
}